Judul Produk,Harga Normal,Harga Diskon,Rating,Terjual,Nama Toko,Lokasi Toko
Seblak Instan Premium Bangsatria,2100000,Tidak ada harga diskon,5.0,50,Foodstocks,Jakarta Selatan
Kylafood Seblak Cup,1400000,Tidak ada harga diskon,4.9,250,Kylafood Jakarta,Jakarta Selatan
Seblak instan komplit / seblak instan murah,1000000,500000,4.8,1000,ismileusa_id,Kab. Bandung
"Kerupuk Seblak Rafael Viral - PEDAS DJ, 1/4 kg",2199900,Tidak ada harga diskon,4.9,80,Golden Cakery,Jakarta Pusat
Seblak Rempah Autentik isi 5 pcs,6300000,Tidak ada harga diskon,4.9,100,Kylafood Jakarta,Jakarta Selatan
Kylafood Seblak Rempah Authentik,1290000,1096500,4.9,3000,kylafood,Bandung
Kerupuk Mentah 250gr Seblak Mentah,450000,Tidak ada harga diskon,5.0,1000,Pedas Gilaa,Surabaya
seblak as beton kerupuk pedas daun jeruk isi 250gr viral tik tok,1500000,799900,5.0,11,seblak mitoha,Kab. Bandung
SEBLAK CAMPUR/MIX CAMPUR KERUPUK SEBLAK JENGKOL /PEDO/BETON/BASRENG NETO 500GRAM PEDAS FOOD,2499900,Tidak ada harga diskon,4.7,100,seblak mitoha,Kab. Bandung
Kerupuk seblak kering kencur 500gram /seblak kering pedas daun jeruk,3000000,2870000,4.9,1000,oyun kriukzz,Jakarta Barat
Kylafood Seblak Cup isi 2 pcs,2780000,Tidak ada harga diskon,4.8,100,kylafood,Bandung
Kerupuk Seblak Rafael Pedas / Seblak Mawar Pedes - Duo Bocil Snack,1600000,Tidak ada harga diskon,4.9,250,DUO BOCIL SNACK,Depok
Geli Food Seblak Ceker Tanpa Tulang Super Pedas 180gr,3000000,2900000,4.9,100,Lidigeli,Kab. Garut
Seblak Stik Ebi Pedas 1/2kg(500gr)/Kerupuk Ebi Pedas,8099900,Tidak ada harga diskon,Tidak ada rating,Tidak ada informasi penjualan,Jein Lary,Jakarta Pusat
Paket Isi 6 Cuanki Instan Lakoca | Latagor | Seblak | Makaroni,9384000,Tidak ada harga diskon,4.9,50,Lakoca Official Shop,Cimahi
kerupuk seblak pedas daun jeruk,500000,Tidak ada harga diskon,4.7,100,RIKI STORE 97,Kab. Bogor
KERUPUK MENTAH SERBA 5000 BAHAN SEBLAK,600000,Tidak ada harga diskon,4.9,1000,GK_Snack,Kab. Bandung
Seblak pedas kerupuk pedas kiloan 1 kg,3500000,3400000,4.7,250,RIKI STORE 97,Kab. Bogor
12 Bungkus Mix Baso Aci isi 6 pcs X Seblak Instan isi 6 pcs,3160000,Tidak ada harga diskon,4.8,100,Warungceria2020,Kab. Garut
seblak instant komplit bumbu cikruh bandung aufaro snack,680000,Tidak ada harga diskon,5.0,750,AUFARO SNACK,Kab. Bandung Barat
seblak as beton kerupuk pedas daun jeruk isi 500g viral tik tok,3000000,1499900,4.7,30,seblak mitoha,Kab. Bandung
Seblak kering mix pedes daun jeruk Mega Snack 095,1500000,Tidak ada harga diskon,4.8,30,Mega Snack 095,Cimahi
Seblak instan komplit / seblak instan murah,1000000,500000,4.8,1000,ismileusa_id,Kab. Bandung
BASO ACI HOMEMADE boci isi12 bakso aci termurah baso aci fresh seblak,540000,Tidak ada harga diskon,4.6,4000,NomeL Shop,Surabaya
seblak mix kerupuk campuran viral pedas daun jeruk,9000000,4199900,5.0,60,GROSIR SEBLAK BANDUNG VIRAL,Kab. Bandung
Kerupuk Bawang Prima / Kerupuk Warna Warni / Krupuk Seblak 1kg,3500000,Tidak ada harga diskon,5.0,2,food Service Ingredients,Jakarta Timur
Paket Isi 6 Cuanki Instan Lakoca | Batagor Instan | Seblak Basah GFS,9384000,Tidak ada harga diskon,4.8,100,Lakoca Official Shop,Cimahi
cuanki pangsit segitiga atau cipet isi 40 pcs toping seblak baso aci,1399900,Tidak ada harga diskon,4.9,100,CUANKI CULAMETAN,Kab. Garut
Kylafood Seblak Rempah Autentik,1300000,Tidak ada harga diskon,5.0,250,Kylafood Jakarta,Jakarta Selatan
cuanki tahu kering seblak atau batagor kering isi 150 pcs,3299900,Tidak ada harga diskon,4.8,250,CUANKI CULAMETAN,Kab. Garut
Kylafood Seblak Original,2250000,1800000,4.9,10000,kylafood,Bandung
Krupuk Seblak Beton Krupuk Ja'at Krupuk Pedas Daun Jeruk Chilli oil,3500000,1550000,4.9,24,city18,Jakarta Selatan
3 BASO ACI FREE SEBLAK SAJODO SNACK & FOOD,9000000,6400000,4.9,250,Sajodo Snack & Food,Tasikmalaya
Gelifood Seblak Instan Kerupuk Mawar Bumbu Kencur Rafael Pedas Gurih,3000000,1800000,4.8,500,Lidigeli,Kab. Garut
seblak as beton seblak kerupuk viral pedas daun jeruk,4500000,2025000,4.7,100,basreng sultan bandung viral,Kab. Bandung
seblak instan jeletot jajanan hits bandung 1 porsi,418000,Tidak ada harga diskon,4.8,1000,tokomakanankalimantan,Jakarta Barat
seblak as beton kerupuk pedas daun jeruk isi 1kg viral tik tok,5000000,2499900,5.0,16,seblak mitoha,Kab. Bandung
Seblak Kuah Mamang Rafael Instant Pedas Sunda,2900000,2755000,4.5,60,Foodstocks,Jakarta Selatan
Cipak Koceak Cirambay Cireng Seblak Basreng Bojot khas tasik camilan,1000000,Tidak ada harga diskon,4.7,100,AMANA SNACK,Tangerang Selatan
SEBLAK INSTAN NGABRET BANDUNG,850000,Tidak ada harga diskon,4.8,100,queency_crunchy,Kab. Bandung
seblak kering campur / Seblak kering bumbu kacang,1500000,Tidak ada harga diskon,5.0,5,ismileusa_id,Kab. Bandung
siomay mini kering 1kg toping seblak baso aci,2499900,Tidak ada harga diskon,4.9,250,CUANKI CULAMETAN,Kab. Garut
Seblak Hot Spicy By Bapper Food / Seblak Instant Khas Bandung,2100000,1911000,5.0,250,Foodstocks,Jakarta Selatan
cuanki tahu kering seblak isi 50 pcs toping seblak baso aci,1250000,Tidak ada harga diskon,4.9,750,CUANKI CULAMETAN,Kab. Garut
Pasar Keripik Kerupuk Seblak Mawar Mini Pedas size Kecil,1250000,Tidak ada harga diskon,4.9,100,Pasar Keripik Bandung,Bandung
3 SEBLAK FREE BASO ACI,9000000,6400000,4.9,250,Sajodo Snack & Food,Tasikmalaya
Yasnack Kerupuk Seblak Rafael Pedas Jeruk Renyah 500 gr,3000000,Tidak ada harga diskon,4.9,80,YasnackID,Bandung
Kerupuk seblak bantet Pedas extra 1kg Gurih,4000000,3500000,4.9,70,RIKI STORE 97,Kab. Bogor
SEBLAK INSTAN SAJODO SNACK,2300000,1900000,4.9,100,Sajodo Snack & Food,Tasikmalaya
SEBLAK INSTAN FCK BANDUNG TERLEZAT SEBLAK INSTANT JAMUR FCK SEBLAK ACI,1300000,Tidak ada harga diskon,4.6,500,Uai Food,Surabaya
MAKARONI bantet 70gr krupuk SEBLAK bantet krupuk UDANG KERUPUK BANTET,285700,Tidak ada harga diskon,4.5,100,MelaBoci,Surabaya
SEBLAK INSTAN TERMURAH,350000,Tidak ada harga diskon,4.9,100,Cemilan-Ce,Kab. Sidoarjo
"seblak krupuk 5000 ,pedas dan gurih",500000,Tidak ada harga diskon,4.8,1000,anugrah seblak,Kab. Bandung
Kerupuk Merah Seblak 250gr BANDUNG,479800,Tidak ada harga diskon,5.0,1000,yohangunawan94,Bandung
Cemilan 250GR Krupuk seblak kering Rafael pedas daun jeruk MEGA SNACK,800000,752000,5.0,19,Mega_Snack_095,Cimahi
seblak kerupuk jengkol pedas jeruk isi 500gr,1499900,Tidak ada harga diskon,4.6,16,seblak mitoha,Kab. Bandung
BASRENG 1 KG SEBLAK DAUN JERUK PURUT SUPER PEDAS ORIGINAL SUPER RENYAH,5177100,Tidak ada harga diskon,5.0,70,Grosir Besar Kalimantan,Banjarbaru
KerUpuk Seblak Kerupuk Beton Pedas Daun Jeruk 250gram,1500000,Tidak ada harga diskon,4.9,70,Mega_Snack_095,Cimahi
seblak mercon pedas galak,350000,Tidak ada harga diskon,4.5,3000,BUGAR STORE.,Kab. Garut
GRATIS ONGKIR SEBLAK INSTAN/SEBLAK BANDUNG/SEBLAK GARUT/MURAH MANTAP,399900,Tidak ada harga diskon,4.6,100,MarkCi .id,Kab. Garut
seblak mix campuran pedas daun jeruk viral tiktok tok,4300000,3999900,4.9,100,basreng sultan bandung viral,Kab. Bandung
seblak krupuk kemplang bawang hot pedas gurih 1kg,1499900,Tidak ada harga diskon,4.4,28,seblak mitoha,Kab. Bandung
Gelifood Combo 3pcs Seblak Instan Kerupuk Mawar Kencur Pedas Rafael,9000000,5190000,4.9,250,Lidigeli,Kab. Garut
KRUPUK SEBLAK RAFAEL | SEBRING | KERUPUK MAWAR PEDAS DAUN JERUK 250 GR,2163000,Tidak ada harga diskon,5.0,100,Toko kue Sumber Mas,Jakarta Timur
Kerupuk Seblak Kering Sebring Pedas Daun Jeruk 100gr,450000,Tidak ada harga diskon,4.9,500,Pedas Gilaa,Surabaya
"Seblak Instan Lengkap Cemilan Enak, Oleh Oleh Garut",550000,Tidak ada harga diskon,4.8,250,Endo Shop ID,Kab. Garut
[BELI LOKAL] SEBLAK CAMPUR/MIX CAMPUR KERUPUK SEBLAK JENGKOL /PEDO/BETON/BASRENG NETO 500GRAM PEDAS FOOD,5000000,2499900,5.0,60,putri raja ngemil,Kab. Bandung
"Kylafood Paket ( Seblak Original, Batagor, Cireng Rujak, Boci Goang)",9500000,7125000,4.9,750,kylafood,Bandung
kerupuk seblak kering enak gurih,500000,Tidak ada harga diskon,4.8,250,RIKI STORE 97,Kab. Bogor
"500 pcs Cuanki Lidah Kemasan Besar Topping Baso aci, seblak, cuanki",10600000,Tidak ada harga diskon,4.9,250,Endo Shop ID,Kab. Garut
Kerupuk Seblak / Seblak / Kering Pedas /,3330000,Tidak ada harga diskon,4.9,90,Anggris store,Kab. Bogor
[ 250gr ] Kerupuk Seblak Kencur Pedas Daun Jeruk / Camilan Snack Murah,725000,Tidak ada harga diskon,4.9,60,Bara Snack Kediri 1,Kediri
Aneka Kerupuk Mentah Krupuk Seblak krupuk singkong krupuk merah 250 GR,799900,Tidak ada harga diskon,4.7,13,SEMBAKO AMATAN 99,Jakarta Timur
Kerupuk Seblak Kencur / Seblak Jablay Viral @100-500gr,1200000,720000,4.9,100,Toko Camilan Anyar,Surabaya
KRUPUK STIK RASA UDANG CAP PADI KAPAS KHAS INDRAMAYU BISA BUAT SEBLAK,1950000,Tidak ada harga diskon,5.0,500,dariimyu,Kab. Indramayu
[ roemah_koenyaheun ] kerupuk mentah kerupuk seblak serba 5000,500000,Tidak ada harga diskon,5.0,30,roemah_koenyaheun,Bandung
"seblak ceker 500 gr pedas daun jeruk, gurih,cemilan bikin nagih",1749900,Tidak ada harga diskon,4.9,100,aghniya,Tangerang Selatan
Kylafood Seblak Cup isi 2 pcs,2780000,Tidak ada harga diskon,4.8,100,kylafood,Bandung
(HARGA TERMURAH) seblak instan mantap,390000,Tidak ada harga diskon,4.7,1000,baso aci zahra,Kab. Bandung
12PCS SEBLAK INSTAN KHAS BANDUNG,3000000,Tidak ada harga diskon,5.0,12,Warungceria2020,Kab. Garut
Paket Seblak 10  Bungkus Makanan Tan Murah Halal,5799900,Tidak ada harga diskon,Tidak ada rating,Tidak ada informasi penjualan,Jein Lary,Jakarta Pusat
Rasa Juara Seblak Original Instan | Seblak Juara Original 130gr,1420000,Tidak ada harga diskon,5.0,18,Wu Meyers Official Shop,Surabaya
"Cuanki Lidah Bulat/ Tahu Geprek Isi 100 Pcs Toping Baso Aci, Mie Tan, Seblak",10519900,Tidak ada harga diskon,Tidak ada rating,Tidak ada informasi penjualan,Jein Lary,Jakarta Pusat
Kylafood Paket 2 Seblak Cup + 3 Basreng pedas,6950000,Tidak ada harga diskon,4.6,19,kylafood,Bandung
SEBLAK COET INSTAN by JAJAN.CHA,750000,Tidak ada harga diskon,Tidak ada rating,Tidak ada informasi penjualan,JajanCha,Tangerang
